01_01,1,1,1,1,10282 Melric Ave,Westminster,92683,2,15.98
01_01,3,1,1,1,10282 Melric Ave,Westminster,92683,3,32.97
01_02,2,2,1,3,1254 Thornwood Dr,San Jose,95123,1,8.99
02_01,2,3,2,2,1245 Euclid,Santa Ana,92704,2,17.98
02_02,1,4,2,2,1247 West Orange Ave,Anaheim,92804,3,23.97
02_02,4,4,2,2,1247 West Orange Ave,Anaheim,92804,1,12.99
01_03,1,1,1,3,1245 Nieto Ave,Long Beach,90814,1,7.99
01_03,2,1,1,3,1245 Nieto Ave,Long Beach,90814,1,8.99
03_01,4,2,3,4,10235 East 4th Str,Long Beach,90814,1,12.99
02_03,2,3,2,2,14789 Ashdale,Irvine,92620,1,8.99
03_02,1,4,3,5,4578 Loma Ave,Long Beach,90814,1,7.99
03_02,3,4,3,5,4578 Loma Ave,Long Beach,90814,1,10.99
01_04,2,1,1,3,4578 Buena Park,Los Angeles,92007,5,44.95
02_04,3,4,2,2,12456 Loma Ave,Long Beach,90814,3,32.97
